{
  "test_loss": 0.8860917186737061,
  "accuracy": 0.58,
  "classification_report": {
    "0": {
      "precision": 0.6933333333333334,
      "recall": 0.611764705882353,
      "f1-score": 0.65,
      "support": 170.0
    },
    "1": {
      "precision": 0.4883720930232558,
      "recall": 0.4666666666666667,
      "f1-score": 0.4772727272727273,
      "support": 90.0
    },
    "2": {
      "precision": 0.524390243902439,
      "recall": 0.6142857142857143,
      "f1-score": 0.5657894736842105,
      "support": 140.0
    },
    "accuracy": 0.58,
    "macro avg": {
      "precision": 0.5686985567530094,
      "recall": 0.5642390289449114,
      "f1-score": 0.564354066985646,
      "support": 400.0
    },
    "weighted avg": {
      "precision": 0.588086972962753,
      "recall": 0.58,
      "f1-score": 0.5816626794258373,
      "support": 400.0
    }
  }
}