{
  "overall_numerical_stats": {
    "year": {
      "count": 47231.0,
      "mean": 2005.6997946264107,
      "std": 4.966912303214008,
      "min": 1997.0,
      "25%": 2002.0,
      "50%": 2006.0,
      "75%": 2010.0,
      "max": 2015.0
    },
    "area": {
      "count": 47231.0,
      "mean": 10259.831532468083,
      "std": 26592.121873484768,
      "min": 2.0,
      "25%": 81.0,
      "50%": 600.0,
      "75%": 4450.0,
      "max": 138371.0
    },
    "production": {
      "count": 47231.0,
      "mean": 27857.26427359151,
      "std": 85338.25404416521,
      "min": 1.9,
      "25%": 100.0,
      "50%": 737.0,
      "75%": 7079.0,
      "max": 477860.7076000006
    },
    "yield_log": {
      "count": 47231.0,
      "mean": 1.069884780186262,
      "std": 0.9663109117764409,
      "min": 0.0993665983552852,
      "25%": 0.4466955073313509,
      "50%": 0.7079822469638865,
      "75%": 1.2812884144993386,
      "max": 4.808111029984782
    },
    "n": {
      "count": 47231.0,
      "mean": 1.2757676598359131,
      "std": 0.4378552241899448,
      "min": 0.0,
      "25%": 1.028741891891892,
      "50%": 1.285024,
      "75%": 1.4106694444444443,
      "max": 2.411303125
    },
    "p": {
      "count": 47231.0,
      "mean": 2.286022461902187,
      "std": 0.3119827779921232,
      "min": 1.0879666666666667,
      "25%": 2.0409176470588237,
      "50%": 2.184376923076923,
      "75%": 2.491528125,
      "max": 2.815974193548387
    },
    "k": {
      "count": 47231.0,
      "mean": 2.1795547725409787,
      "std": 0.2700510266364949,
      "min": 1.0742,
      "25%": 2.017612162162162,
      "50%": 2.1660222222222223,
      "75%": 2.365038461538461,
      "max": 2.5961764705882358
    },
    "ph": {
      "count": 47231.0,
      "mean": 6.805561881365051,
      "std": 0.35764918220930536,
      "min": 5.520525,
      "25%": 6.761500000000001,
      "50%": 6.964305882352941,
      "75%": 7.0242986486486485,
      "max": 7.22616129032258
    },
    "soil_fertility": {
      "count": 47231.0,
      "mean": 1.9137816314263598,
      "std": 0.2008457715851501,
      "min": 1.1340333333333332,
      "25%": 1.8049022222222224,
      "50%": 1.9377516129032255,
      "75%": 2.1069,
      "max": 2.210894444444444
    }
  },
  "numerical_stats_by_risk": {
    "0": {
      "label": "LOW",
      "count": 16054,
      "stats": {
        "year": {
          "count": 16054.0,
          "mean": 2006.1208421577178,
          "std": 4.960339598132377,
          "min": 1997.0,
          "25%": 2002.0,
          "50%": 2006.0,
          "75%": 2010.0,
          "max": 2015.0
        },
        "area": {
          "count": 16054.0,
          "mean": 14569.65875981064,
          "std": 33723.37684730555,
          "min": 2.0,
          "25%": 77.0,
          "50%": 562.0,
          "75%": 6006.75,
          "max": 138371.0
        },
        "production": {
          "count": 16054.0,
          "mean": 67828.36581450108,
          "std": 133811.83398232542,
          "min": 3.6,
          "25%": 610.0,
          "50%": 4074.5,
          "75%": 45987.75,
          "max": 477860.7076000006
        },
        "yield_log": {
          "count": 16054.0,
          "mean": 2.0969331509689857,
          "std": 1.0213574950976854,
          "min": 1.018752312836105,
          "25%": 1.260516769632617,
          "50%": 1.7680886981496993,
          "75%": 2.651987705592049,
          "max": 4.808111029984782
        },
        "n": {
          "count": 16054.0,
          "mean": 1.2533137848422957,
          "std": 0.48441949521130084,
          "min": 0.0,
          "25%": 1.028741891891892,
          "50%": 1.285024,
          "75%": 1.4281866666666665,
          "max": 2.411303125
        },
        "p": {
          "count": 16054.0,
          "mean": 2.3013595977174433,
          "std": 0.309380909822442,
          "min": 1.0879666666666667,
          "25%": 2.0409176470588237,
          "50%": 2.329892,
          "75%": 2.491528125,
          "max": 2.815974193548387
        },
        "k": {
          "count": 16054.0,
          "mean": 2.1511838372851986,
          "std": 0.28027944092519896,
          "min": 1.0742,
          "25%": 2.017612162162162,
          "50%": 2.1660222222222223,
          "75%": 2.365038461538461,
          "max": 2.5961764705882358
        },
        "ph": {
          "count": 16054.0,
          "mean": 6.804969039561244,
          "std": 0.3574914981019865,
          "min": 5.520525,
          "25%": 6.659542857142857,
          "50%": 6.964305882352941,
          "75%": 7.025763636363636,
          "max": 7.22616129032258
        },
        "soil_fertility": {
          "count": 16054.0,
          "mean": 1.901952406614979,
          "std": 0.21903224202561478,
          "min": 1.1340333333333332,
          "25%": 1.8049022222222224,
          "50%": 1.9377516129032255,
          "75%": 2.064683333333333,
          "max": 2.210894444444444
        }
      }
    },
    "1": {
      "label": "MEDIUM",
      "count": 15573,
      "stats": {
        "year": {
          "count": 15573.0,
          "mean": 2005.6230013484878,
          "std": 4.982925127669352,
          "min": 1997.0,
          "25%": 2001.0,
          "50%": 2006.0,
          "75%": 2010.0,
          "max": 2015.0
        },
        "area": {
          "count": 15573.0,
          "mean": 10138.210487382008,
          "std": 25425.11989737234,
          "min": 2.0,
          "25%": 79.0,
          "50%": 686.0,
          "75%": 4984.0,
          "max": 138371.0
        },
        "production": {
          "count": 15573.0,
          "mean": 12092.345977011493,
          "std": 32049.871310561117,
          "min": 1.9,
          "25%": 83.0,
          "50%": 700.0,
          "75%": 5565.0,
          "max": 244300.0
        },
        "yield_log": {
          "count": 15573.0,
          "mean": 0.7378839172623725,
          "std": 0.1321411349070951,
          "min": 0.5364933705145685,
          "25%": 0.6295940025246364,
          "50%": 0.6984522327896385,
          "75%": 0.8447238563920307,
          "max": 1.018635156651842
        },
        "n": {
          "count": 15573.0,
          "mean": 1.2647996861641977,
          "std": 0.4052593078073201,
          "min": 0.0,
          "25%": 1.028741891891892,
          "50%": 1.285024,
          "75%": 1.4106694444444443,
          "max": 2.411303125
        },
        "p": {
          "count": 15573.0,
          "mean": 2.2957727804131185,
          "std": 0.329063176187865,
          "min": 1.0879666666666667,
          "25%": 1.9756125,
          "50%": 2.1696807692307694,
          "75%": 2.66889,
          "max": 2.815974193548387
        },
        "k": {
          "count": 15573.0,
          "mean": 2.179078072294446,
          "std": 0.2588219732876837,
          "min": 1.0742,
          "25%": 2.017612162162162,
          "50%": 2.1660222222222223,
          "75%": 2.365038461538461,
          "max": 2.5961764705882358
        },
        "ph": {
          "count": 15573.0,
          "mean": 6.807071895712045,
          "std": 0.37634371886975404,
          "min": 5.520525,
          "25%": 6.795114285714286,
          "50%": 6.964305882352941,
          "75%": 7.0242986486486485,
          "max": 7.22616129032258
        },
        "soil_fertility": {
          "count": 15573.0,
          "mean": 1.9132168462905876,
          "std": 0.20407860619436793,
          "min": 1.1340333333333332,
          "25%": 1.8049022222222224,
          "50%": 1.9377516129032255,
          "75%": 2.1069,
          "max": 2.210894444444444
        }
      }
    },
    "2": {
      "label": "HIGH",
      "count": 15604,
      "stats": {
        "year": {
          "count": 15604.0,
          "mean": 2005.3432453217124,
          "std": 4.926060863421133,
          "min": 1997.0,
          "25%": 2001.0,
          "50%": 2005.0,
          "75%": 2009.0,
          "max": 2015.0
        },
        "area": {
          "count": 15604.0,